,europe_provigences,Asia,Africa,North_America,South_America,Australia
0,Albania,Afghanistan,Algeria,Bahamas,Argentina,Australia
1,Andorra,Armenia,Angola,Barbados,Bolivia,Fiji
2,Armenia,Azerbaijan,Benin,Belize,Brazil,Kiribati
3,Austria,Bahrain,Botswana,Canada,Chile,Micronesia
4,Azerbaijan,Bangladesh,Burundi,Costa,Colombia,Nauru
5,Belarus,Bhutan,Cameroon,Rica,Ecuador,Palau
6,Belgium,Brunei,Chad,Cuba,Guyana,Samoa
7,Bosnia and Herzegovina,Cambodia,Comoros,Dominica,Paraguay,Tonga
8,Bulgaria,China,Djibouti,Grenada,Peru,Tuvalu
9,Croatia,Cyprus,Egypt,Guatemala,Suriname,Vanuatu
10,Cyprus,Georgia,Eritrea,Haiti,Uruguay,Marshall Islands
11,Czechia,India,Eswatini,Honduras,Venezuela,Solomon Islands
12,Denmark,Indonesia,Ethiopia,Jamaica,,New Zealand
13,Estonia,Iran,Gabon,Mexico,,Papua New Guinea
14,Finland,Iraq,Gambia,Nicaragua,,
15,France,Israel,Ghana,Panama,,
16,Georgia,Japan,Guinea,Antigua and Barbuda,,
17,Germany,Jordan,Guinea-Bissau,El Salvador,,
18,Greece,Kazakhstan,Kenya,Dominican Republic,,
19,Hungary,Kuwait,Lesotho,Saint Kitts and Nevis,,
20,Iceland,Kyrgyzstan,Liberia,Saint Lucia,,
21,Ireland,Laos,Libya,Saint Vincent and the Grenadines,,
22,Italy,Lebanon,Madagascar,United States of America,,
23,Kazakhstan,Malaysia,Malawi,Trinidad and Tobago,,
24,Kosovo,Maldives,Mali,,,
25,Latvia,Mongolia,Mauritania,,,
26,Liechtenstein,Myanmar,Mauritius,,,
27,Lithuania,Nepal,Morocco,,,
28,Luxembourg,North Korea,Mozambique,,,
29,Malta,Oman,Namibia,,,
30,"Moldova,Monaco",Pakistan,Niger,,,
31,Montenegro,Palestine,Nigeria,,,
32,Netherlands,Philippines,Rwanda,,,
33,North Macedonia,Qatar,Senegal,,,
34,Norway,Russia,Seychelles,,,
35,Poland,Saudi Arabia,Somalia,,,
36,Portugal,Singapore,Sudan,,,
37,Romania,South Korea,Tanzania,,,
38,Russia,Sri Lanka,Togo,,,
39,San Marino,Syria,Tunisia,,,
40,Serbia,Taiwan,Uganda,,,
41,Slovakia,Tajikistan,Zambia,,,
42,Slovenia,Thailand,Zimbabwe,,,
43,Spain,Timor-Leste,Burkina Faso,,,
44,Sweden,Turkey,Sierra Leone,,,
45,Switzerland,Turkmenistan,South Africa,,,
46,Turkey,United Arab Emirates,Cote d'Ivoire,,,
47,Ukraine,Uzbekistan,Central African Republic,,,
48,United Kingdom,Vietnam,Equatorial Guinea,,,
49,Vatican City,Yemen,United Arab Emirates,,,
50,UK,,,,,
